Word(s),Spoken Form (If Different)

.,dot

7zip,seven zip


above-described,above described
admin
app
apps
ASAP
asset
assets
asset source
Athena
authors
Axiforma
AWS

backend,beckend
Backend-as-a-Service,backend as a service
bachelor's thesis, bachelors thesis
Bailis
Peter Bailis
Baqend,buck end
Beaconnect
BibTeX,bib tax
boolean
bot
bots

cache,cash
cache sketch
CDN
CDNs,CD ends
client
clients
Cisco
Citrix
CockroachDB
contentful
CouchDB,couch DB
CPU
CPUs
CrUX,crucks
customer-facing
customer-facing,customer facing
customer-facing,customer dash facing

dashboard
dashboarding
dashboards
data
database,data base
databases,data bases
DB
Decathlon
DecathlonNL
desktop
DDL
DML
Dmexco,dee max co
DNS
duckduckgo
Dynamic Fetcher

EDBT
ElasticSearch,elastic search
EMR
ETL
e.g.,EG

Fastly
Firebase
Flink
Flink Forward
Florida,florida
Frankfurt

Gessert
Felix Gessert
GPU
GPUs
Gradle

Hadoop
hash
hashes
hash set
hash sets
header
headers
horizontally
HTML

i.e.,eye E
ICDE
ID,eye Dee
IDs,eye dees
IEEE,I triple E
int
IntelliJ,in telly jay
InvaliDB,in valley dee bee
InvaliDB,in valid be
IP,eye pee
IPs,eye pees

Jonny Ketchup
jonny@ketchup-boys.de,jonny at catch up boys dot de
JSON,jason

KDA,kady a
KDA,Kda
Kibana
KinesicMouse
Kinesis
Kotlin
ksqlDB,kay SQL db

login
logins

MapReduce, map reduce
master's thesis, masters thesis
millisecond
milliseconds
Minecraft
Mirko
MongoDB
multi-tenancy, multi tenancy
multi-tenant, multi tenant1

Netflix
Nextcloud
ninja
Ninja Warrior
Norbert
NoSQL,nosql
NoSQL,no sequel
Notepad++,notepad plus plus
Nvidia,an vidia
Nvidia Broadcast

OLTP, oh al tee pee
OpenVPN,open VPN
Orestes

parrot
parse,pars
parsed
parses
password
passwords
PhD,P H D
PI
PIs
Point of Presence
Points of Presence
pull-based, pull based
push-based, push based

quota

real-time, real time
response
response cause
response source
Ritter
RUM,rum

S3,S three
SageMaker
schema
session
sessions
shard
sharded
sharding
shards
SIGMOD,sigmod
Sisu
Skype
Slack
source code
Speed Kit,speed kid
SQL
Startup Platform
Steven Skiena
Skiena
Stonebraker
storage tier
storage tiering
storage tiers
Strato
Supabase
Superset

Techcamp
Threema
Thunderbird
tier
tiering
tiers
timer
timers
timestamp
timestamps
time to first byte
top-level,top level

under-documented,under documented
URL,you are Al
URLs,you are Als
USA

VLDB

Windows
Windows 10,Windows ten
Wolfram,wolfram
Wolle,volle
Wolle,volleh
Wingerath,vingerat
EDBT 2020,EDBT two thousand twenty
EDBT 2021,EDBT two thousand twenty one

VCL
VeraCrypt
Vimium
VLDB 2020,VLDB two thousand twenty
VLDB 2021,VLDB two thousand twenty one
VPN

WhatsApp,what's apph
WireGuard
wolfram@wingerath.org, Wolfram at Wingerath dot org

2020,number two thousand twenty
2021,number two thousand twenty one

0,number zero
1,number one
2,number two
3,number word three
4,number four
5,number five
6,number six
7,number seven
8,number eight
9,number nine
10,number ten
11,number eleven
12,number twelve
13,number thirteen
14,number fourteen
15,number fifteen
16,number sixteen
17,number seventeen
18,number eighteen
19,number nineteen
20,number twenty
21,number twenty one
22,number twenty two
23,number twenty three
24,number twenty four
